id,service_id,customer_id,professional_id,date_of_request,date_of_completion,status,remarks,rating
1,1,2,1,2024-11-13T18:39:26,2024-11-18T00:36:06.657318,completed,Booking request,4
2,1,2,1,2024-11-13T18:41:31,2024-11-18T00:32:09.545111,completed,Booking request,5
3,4,2,2,2024-11-13T18:51:10,2024-11-17T03:01:27.406608,completed,Booking request,5
5,1,7,3,2024-11-16T20:53:21,2024-11-24T23:58:57.697788,completed,Booking request,4
6,3,7,5,2024-11-16T20:53:29,2024-11-25T00:18:02.339328,completed,Booking request,5
7,4,7,2,2024-11-16T20:53:35,2024-11-26T01:12:40.852732,completed,Booking request,4
8,4,7,3,2024-11-16T20:53:38,2024-11-26T02:18:18.927653,completed,Booking request,4
18,1,10,1,2024-11-17T19:38:49,2024-11-18T01:14:05.246786,completed,Booking request,5
19,1,10,1,2024-11-17T19:40:47,2024-11-18T01:14:12.658418,completed,Booking request,1
20,1,10,1,2024-11-17T19:45:35,2024-11-25T00:07:47.732958,completed,Booking request,
21,1,2,1,2024-11-17T20:27:56,2024-11-26T02:20:06.135145,completed,Booking request,
22,2,7,8,2024-11-23T21:17:23,2024-11-24T21:49:53.456974,completed,Booking request,
23,2,2,8,2024-11-23T21:31:40,2024-11-24T21:51:56.941740,completed,Booking request,
24,1,7,1,2024-11-24T14:02:10,2024-11-26T01:50:22.523889,completed,Booking request,4
34,1,7,1,2024-11-24T18:23:30,2024-11-26T02:24:49.059512,completed,Booking request,
37,1,7,1,2024-11-24T18:39:54,2024-11-26T02:21:24.644052,completed,Booking request,
38,4,19,7,2024-11-24T18:45:14,2024-11-25T00:16:17.763402,completed,Booking request,
39,1,20,1,2024-11-25T19:04:00,2024-11-26T01:11:42.829030,completed,Booking request,
40,4,24,14,2024-11-25T19:38:54,2024-11-26T01:10:40.385461,completed,Booking request,
42,1,20,1,2024-11-25T20:49:40,2024-11-26T02:37:22.976929,completed,Booking request,
43,1,26,1,2024-11-25T21:06:09,2024-11-26T02:38:09.012397,completed,Booking request,5
