id,username,email,password_hash,role,date_created
1,admin,admin@example.com,scrypt:32768:8:1$UKRzC4jhDN1ygalN$7aacb5b60cde28dd982b64bcd9522dd4ccf260186f99269e98057b0bcf784b50b95e893c0719cdf5740e0e15fda578d78b28494d6221025df85f70c22e613241,admin,2024-11-13T18:27:09
2,user1,user1@email.com,scrypt:32768:8:1$kGNutmIDT7LW2GYV$ad8431f9c88a8c33aee370746830918ea7fc1dd24f416780d9c187b7352b404f9d45322c1001a32bbd05dc2b05b452a638727e13572fd309ea9e4f6355e2b902,User,2024-11-13T23:59:49.972844
3,blinkit,blinkitzomato@gmail.com,scrypt:32768:8:1$52iTVC60sZS9UTvE$1767f5cc9b5f8d237b767f105731848bea2c6f2cfcc52a1796d3a91d5afcdc98fc9609360949f691593be20316332382be93203bb6c0c09c5a1d426c79c43e36,Professional,2024-11-14T00:07:11.961461
4,zepto,zepto@email.com,scrypt:32768:8:1$VPGa1NEOYYAn1aV4$1eef28cb29e696464a5ce338ca34e94330afc54a5af9ed5a5039c24b4dc90873e1d981f582598652cb55a54b166944284b383eaa01a1744555a5d55c071665a7,Professional,2024-11-14T00:20:12.895370
5,Zomato,Zomato@email.com,scrypt:32768:8:1$9gYxE4JchmGCUToU$47c6db81f8f90ebe30102490bfbfff538dc6ea6973d7b6bb7c7a5cd8ef8aed181823fa2bcee96d5843b1e12368bb71d86bf3dad91050bc0536673dfa30852f47,Professional,2024-11-14T00:25:54.588071
6,mqureshi,mqureshi@email.com,scrypt:32768:8:1$Ib1wJMt0jRvvNaFn$a8aa2249193aee131b33953e9c5bcde221b89e2342c1bcef121b230f055f10258e43b192b7c433e8e3a42e3a20ba57ab08b0b6c27bcb4f77a69ecc4fb21a8de5,User,2024-11-16T22:57:59.609563
7,user2,user2@gmail.com,scrypt:32768:8:1$OsioLwTqFeugLcJd$077008ec7294330a29a438214f969c82a8aea4834b278d23402abf3d04c34b61f00de58f3deebf7fe5790875cff6c1b4d2bb103a7625012e73f79eefb1b0f1bd,User,2024-11-17T01:54:27.333838
8,cbydsgsyc,cdhjcbvcv@email.com,scrypt:32768:8:1$Kqj6enwuAVuC6edW$a63d004e8a788c2c767fab1b9410c1348650bc6c6bf0231b010c537c3ac280955def668a06bf1edc6e7002be7bfd3656057a20fbc27731575d1dfef3632c448e,Professional,2024-11-17T02:14:39.668042
9,grofers,grofers@email.com,scrypt:32768:8:1$I2uSiJF1fX1F4b1g$8c40b9621581d90931673254f0156bbe55aebd60217813083d114f72661731dc8b83f78eb523f87f6f72fcfa80a0a541f33f459c81d14e54d984a0c0bed45610,Professional,2024-11-17T02:16:15.023794
10,kquadri,kquadri@email.com,scrypt:32768:8:1$OuBmvf8Iz8ciUgB5$53b1e51e188612981bfd3b091b4d944d534201df75bc528aa9e630217f5cf1c58f3afb5e5bce87888bd80626971921c6f2f8bfd64b51e51c3f28ec51a6629464,User,2024-11-18T01:08:39.801467
11,mqureshinew,mqureshinew@email.com,scrypt:32768:8:1$6iUIJQEgsrzcRR7O$133377ba8ce980be000be47d18cfc3d1336cdd713c462bdb7114a6a6424870b340e3c9e3908be927cf565edaeaf8b8b4b670dfdb6af6e1b543a91b61da2b1f63,Professional,2024-11-19T00:31:06.073853
12,sameemq,sameemq@example.com,scrypt:32768:8:1$CsICHDN983zs8aPP$79cf44581f02baec4ea14f0e331c698fad09ee1372b6b5be762dfa1c957c63e54d110b786ad9ab5ba7df434140e1e63218a6d42e54021b2aa7e81520925be0fc,Professional,2024-11-23T19:39:02.971017
13,laundrywallah,laundry@gmail.com,scrypt:32768:8:1$4Li67E578OrJERqf$2813f8978f188bbcf93fcb3aab5f2cc60090f9d05bc4a25bb8c1de8c78437e8c1b05e3301c1aa23f46ade6c28accdcc99576d2d801f59f1927f16b2c01084923,Professional,2024-11-24T01:49:12.837700
14,newProf,newProf@email.com,scrypt:32768:8:1$Vu9sFmyZ6Jq5eZaD$48f368affffac2d7cf46995f236e38b92c505dde6a506d5e10de4980fa2f183a69e7c208be77cd06f8f53f86d446a8d7396466ddd233b1b051dd645bbd8a51b9,Professional,2024-11-24T17:42:12.312685
15,2prof,2prof@email.com,scrypt:32768:8:1$Jssn0m9r3B1op0PQ$2e38acccf7b887f7239af1991d8398a05dcaf4a4840e5364dfa104cbaf4c079667517c989c3e7ead2ccf92863fbac857ac57d8a7bcd49be32e25b472ba271720,Professional,2024-11-24T18:56:45.985109
16,profess,profess@email.com,scrypt:32768:8:1$3g9bC9Rtg5Anl0vu$d3a690882a6ff3ecb85482e220bf276939d75d8d3ebe8f20a850b135f943daeb27768209b4e42ed02bde6efe96dcddf6d28e22d2eef612fb6e49de361351599a,Professional,2024-11-24T19:07:04.937662
17,testProf,testProf@gmail.com,scrypt:32768:8:1$fsuchnXSux1f1tFH$e1e55d60e0a0a9755272707913d810c8cc64db83b34207310331298e165bbafb752b7fdf194c457143ee00ff545bf9d4a8732e86e7e510957a27506b7ade0469,Professional,2024-11-24T19:25:42.272651
18,usernameProf,usernameProf@gmail.com,scrypt:32768:8:1$ukRzndoOcLkypAqM$1899f7cbb36349fa82a0f2e543c47d740e852a4ec82451bd9908bfa620c48c406deed1efa311aed8b14d0b0da3055ecc877e242e63e2f40bf03548fa655f9d3c,Professional,2024-11-24T19:26:46.164051
19,kas,lib@email.com,scrypt:32768:8:1$CH49tzIebh48OUyZ$504a52e4077145ce2420913458ca941c93de706947a2c1a77383d56b5ee44e51d1ecfa52533c42b36797e61da3a29d9e0fe3b95b60e33b7dd2ce37ce22d5a3cd,User,2024-11-25T00:14:38.276003
20,Siraj,Siraj@gmail.com,scrypt:32768:8:1$d7vFudyGkDgKnkO0$400aac369075fdb89f3f9ae8cccc9d0b84d296ffa7f72a5d8f05ed61e7d9c46c21dc61d5beead7ad19f19a9a98783bd05f5a7c0aa8137d80d2d0ac2b561d5221,User,2024-11-26T00:27:29.807587
21,testuser,testuser@gmail.com,scrypt:32768:8:1$iLiHFFae5y88U8I6$6bdafdd29784bf858c91b96499b98b186de35d57c6cf249d2abe907bda8fcbef0fbd86d33049ac85ec3fea9de96a2e0542a2b0fb2d169032f6b32b34d2a1703d,User,2024-11-26T00:31:46.785588
22,Malik,malik@email.com,scrypt:32768:8:1$uGHzGrC7BzexQxJp$7320c4ad89b043effe22ff133cf9548b6d6d97a5eb1398fd3b139c4d5f17dd8df53ee3b1785147af5a4d121846d6be75b704dbe628a5c948e02eec5e621584a7,User,2024-11-26T00:34:52.187009
23,12345,1223334@example.com,scrypt:32768:8:1$XDMVSpTzZQleNJeu$529f8b1e8fbff97588c4605f31ca9335d943d4a80215424bcfc844791b0e629415ca51a56356feb6c5d889cf07a4cdabb898275ee68da64ccfde29a8d260aaf6,User,2024-11-26T00:35:53.748155
24,sameem,sameem@gmail.com,scrypt:32768:8:1$Vnlq8oGCyNixqJkJ$f7258f6b2d5cd0985cf2f020ba618ee24123acaeed70ac701f68fe3e076d7df67a6909c7ee1e02694d597aae671bd2c14af5a057e8bcee918903caf8ba0ca5e0,User,2024-11-26T00:59:46.671197
25,rapido,rapido@gmail.com,scrypt:32768:8:1$BWJYjnsKmlQBLR1l$7e9cbf2678965b4b7e6affc6295c216f3f84a7618994e88bb4533aa45df38dc2c0fcb4956c7b7f207370cc1572e82ae8eba269ededf4b99abfe6ed85195262a9,Professional,2024-11-26T01:03:24.693559
26,sameemq1,sameemq1@gmail.com,scrypt:32768:8:1$F6YTDphVEeMehNxR$8ae71d16d1803e449e7e9c0fd8d14f62029e5c59ad3584471ccff42f4e3a32d32616ec33a2c553fb7ba09699fe9fe8949e46edc075b36095253c5ce5e27449af,User,2024-11-26T02:33:59.198152
27,testprofessional,testprofessional@gmail.com,scrypt:32768:8:1$X1zygNcsrJwejnfY$dd5a7acd88d5217ae28e7e136944313d5e40f9512bfe9103c243a0e2f374e54164177a8d1f7677761a95bd1a548dde5110183412fc072ad1fa302d3b5a1aa478,Professional,2024-11-26T02:35:18.242987
